Horizon,Horizon_new
2B M,IIBm
2C,IIC
AC K,Ack
A E,Ae
A EJ,Aej
A H,Ah
A HB,Ahb
A HE,Ahe
A HK,Ahk
AE,Ae
AEJ,Aej
AH,Ah
ah,Ah
AH2,Ah
AHE,Ahe
B F,Bf
B HF,Bhf
B M,Bm
B MB,Bmb
B MBK,Bmbk
B MK,Bmk
B MU,Bmu
B T,Bt
B TJ,Btj
B/C,BC
B-C,BC
BC K,BCk
BCK,BCk
BCG,BCg
BF,Bf
BF1,Bf1
BF2,Bf2
BFJ,Bfj
BHF,Bhf
BH,Bh
BHF1,Bhf1
BHF2,Bhf2
BHFC,Bhfc
BHFG,Bhfg
BHG,Bhg
BM,Bm
BM1,Bm
BM3,Bm3
BMGJ,Bmgj
BT,Bt
c,Ck
C G,Cg
C Gj,Cgj
C K,Ck
C KGj,Ckgj
CB,BC
CG,Cg
CG2,Cg2
CK,Ck
II C,IIC
OM,Om
r,R
OH,Oh
F B,Fb
CGJ,Cgj
BFGJ,BFgj
BFGJ,Bfg
BC GJ,BCgj
B MBK,Bmbk
OF,Of
CG1,Cg1
BCK,BCk
C GJ,Cgj
ICGJ,ICgj
AEG,Aeg
BFH,Bhf
BM2,Bm2
BG,Bg
CKG,Ckgj
2BCK,BCk2
CKGJ,Ckgj
2BCG,2BCg
2BCGJ,2BCgj
2BF,2Bf
2BG,2Bg
2BHF,2Bhf
Bfh,Bhf
Bfh1,Bhf1
Bfh2,Bhf2
2BTJ,2Btj
2BMGJ,2Bmgj
2CK,2Ck
